{"users": {"4UVqfd9iH77CXj9elEIhvWMxOZvDZg": {"id": "404672641283260419", "at": "MTM3OTczMzMxMDkwMDUzNTM3Ng.twfqn53DUbcSnj2wnLsr6JLlUeyFHM", "ip": "240f:144:32ae:1:e093:30cd:88ef:8a52", "co": "jp"}, "6EBHovI2QpFcWQweDfeqNx61zOahQS": {"id": "404672641283260419", "at": "MTM3OTczMzMxMDkwMDUzNTM3Ng.Sykt0ezHuYi4XxTgKYRXR7HbWOBa81", "ip": "240f:144:32ae:1:e093:30cd:88ef:8a52", "co": "jp"}, "uewaTdIKML4KamqC6a48bVt8EvDLZh": {"id": "404672641283260419", "at": "MTM3OTczMzMxMDkwMDUzNTM3Ng.bZvsdDpdiaySjSRJy490WM84y48XRS", "ip": "240f:144:32ae:1:e093:30cd:88ef:8a52", "co": "jp"}, "hJBQVoa8sh9gAP9ElTV0I1lymEuGkd": {"id": "1104071304916783176", "at": "MTM3OTczMzMxMDkwMDUzNTM3Ng.5ZsteFG4ESoL3Go7sf9D2WZypsDqoe", "ip": "240f:144:32ae:1:e093:30cd:88ef:8a52", "co": "jp"}, "AmByHDp7vbOt8tso2ZfVIljTvpsCyy": {"id": "404672641283260419", "at": "MTM3OTczMzMxMDkwMDUzNTM3Ng.MRi7xBKYGO90qWSD7ansaUvtMPGqPN", "ip": "240f:144:32ae:1:e093:30cd:88ef:8a52", "co": "jp"}, "0eCyvwZmoaxmBrWmgsDvrwuvFppXBx": {"id": "1104071304916783176", "at": "MTM3OTczMzMxMDkwMDUzNTM3Ng.3BD6G7pnmDgDUyHiUm5W93dfyPeeM5", "ip": "240f:144:32ae:1:e093:30cd:88ef:8a52", "co": "jp"}, "nhKWj8OMpqoYH0FueLFoHz4wHxf8pP": {"id": "1372263649892106363", "at": "MTM3OTczMzMxMDkwMDUzNTM3Ng.eIeZyvim5n8swNN8l13UOEArqPAAi3", "ip": "2a09:bac5:4304:dc::16:215", "co": "jp"}, "9KzNiOAK0XMKE2TVGMOwGV8f42jHd8": {"id": "404672641283260419", "at": "MTM3OTczMzMxMDkwMDUzNTM3Ng.QynHBUw4rBd0RJ8KFQdAVJ0U67SrRS", "ip": "240f:144:32ae:1:e093:30cd:88ef:8a52", "co": "jp"}, "aE2QnGFIfGmaGMGuDZ7IBrc3tvOdPP": {"id": "404672641283260419", "at": "MTM3OTczMzMxMDkwMDUzNTM3Ng.cqasAnIcc91beunyow76f45GYltoeU", "ip": "240f:144:32ae:1:e093:30cd:88ef:8a52", "co": "jp"}, "mXXGBMr7sVnFmQ1qzGUNzEJzgKtqwg": {"id": "404672641283260419", "at": "MTM3OTczMzMxMDkwMDUzNTM3Ng.52o6wflHnq7zeLuaelWJTNWbSFRSLB", "ip": "240f:144:32ae:1:e093:30cd:88ef:8a52", "co": "jp"}, "aPCg3BZR8CieDTPvE6GkECmuftPew6": {"id": "404672641283260419", "at": "MTM3OTczMzMxMDkwMDUzNTM3Ng.4WyWtLNBG94iwzUhDqbQFzf70ImOxN", "ip": "240f:144:32ae:1:e093:30cd:88ef:8a52", "co": "jp"}, "Y6UbL9PXCJqrpiwUppNVNb7EZpez47": {"id": "404672641283260419", "at": "MTM3OTczMzMxMDkwMDUzNTM3Ng.CbhYmfftA0hj0uw7tMwfvgEI7ijP9c", "ip": "240f:144:32ae:1:e093:30cd:88ef:8a52", "co": "jp"}, "8IH0CiIf25y5VzNawwg5ig19OEs6QC": {"id": "404672641283260419", "at": "MTM3OTczMzMxMDkwMDUzNTM3Ng.wvaPoBSn6DG5tahllK9F8VgtC7zR0X", "ip": "240f:144:32ae:1:e093:30cd:88ef:8a52", "co": "jp"}, "KxEvSDTjcsQ9w95b9UfA2G2aH2OUto": {"id": "404672641283260419", "at": "MTM3OTczMzMxMDkwMDUzNTM3Ng.xuE2ZZ7hEaRjXrxN3bMOSR76WRsMzX", "ip": "240f:144:32ae:1:e093:30cd:88ef:8a52", "co": "jp"}}}